feature,gain,split,gain_share
hist_score,1401841.7702713013,477,0.3574035892760692
retrieval_score,1106219.4338231087,370,0.282033824758128
ui_orders_since_last,326440.87014341354,141,0.08322703827913445
ui_days_since_last,133438.6077656746,508,0.03402055665256988
u_total_items,111253.69485235214,369,0.028364449329227708
ui_streak,104372.63038539886,190,0.026610102162034105
ui_avg_cart_pos,100644.96793985367,618,0.025659723905442692
ui_order_share,93698.19013786316,357,0.023888622934571897
i_aisle_id,81378.93324613571,3201,0.020747792975235452
i_avg_cart_pos,55499.82665991783,490,0.014149840355103298
ui_share_since_first,51309.131756305695,286,0.013081410642224903
i_n_purchases,48684.396936655045,448,0.012412226954497101
i_repeat_user_ratio,46771.75586414337,445,0.011924593614694274
i_n_users,46413.462874889374,513,0.011833245787081
u_avg_basket,44648.25128483772,531,0.011383200017654341
u_reorder_ratio,33351.05987596512,654,0.008502948591355048
i_reorder_rate,30787.505279541016,435,0.007849362977416735
ctx_days_since_last_at_target,26880.008160829544,772,0.006853135353921752
u_n_distinct_items,18058.170129060745,228,0.004603982387138558
i2v_sim,12687.468701839447,483,0.003234706618841603
ua_share,11476.726586341858,301,0.0029260244359139297
ui_orders_since_first,8538.718794822693,218,0.002176970903426602
ctx_days_since_prior,7556.260940551758,271,0.0019264904491589699
ctx_gap_ratio,5537.722063064575,425,0.0014118581595478632
u_avg_days_between,3431.5779900550842,232,0.00087489067349526
u_n_orders,2338.3052096366882,115,0.0005961576352410625
i_department_id,2309.0125641822815,157,0.0005886893910734128
ui_times_bought,2006.377070426941,93,0.0005115316019389365
u_days_span,1485.8482074737549,167,0.0003788212719383863
ctx_hour,688.3789691925049,88,0.00017550419711344982
u_pref_hour,551.8683099746704,76,0.00014070041211177017
ctx_dow,526.80348777771,66,0.0001343100636375437
ctx_hour_diff,472.2277765274048,63,0.00012039582916272242
u_pref_dow,360.1207809448242,51,9.181382835929623e-05
src_i2v,269.00028800964355,18,6.858239673678469e-05
src_aisle,196.6503586769104,17,5.013657426540518e-05
src_global,108.53279876708984,7,2.767074905039257e-05
ctx_dow_match,59.218220233917236,7,1.5097855486248422e-05
src_history,0.0,0,0.0
